record,window_idx,n_beats,app_RMSSD,nk_RMSSD,app_SDNN,nk_SDNN,app_pNN50,nk_pNN50,app_LF,nk_LF,app_HF,nk_HF,app_LF_HF,nk_LF_HF,app_SD1,nk_SD1,app_SD2,nk_SD2,app_SampEn,nk_SampEn
16265,0,482,20.571474006848636,18.383869741343,34.09084249357098,32.55895234317864,2.079002079002079,1.8711018711018712,,609.7487902957898,,112.01016773497169,,5.443691431107595,14.559371503225217,13.012759382628035,44.7858436076334,44.11877078951465,,1.5453222289887942
16265,1,565,30.868473863962883,30.967811168967092,55.36375599027281,55.438522956018055,3.723404255319149,3.723404255319149,,151.8323016544042,,76.12813068655775,,1.9944309716409974,21.846311675362813,21.91666191290314,75.06624264589779,75.15586327766049,,0.7615813786277592
16265,2,428,61.91867751451391,62.05706899464857,74.81657949305225,74.83468985436245,14.05152224824356,14.519906323185012,,1130.2360251013074,,870.6469165075163,,1.2981565818151612,43.83446761032096,43.932564124520376,96.26331408211064,96.19755540468876,,1.2637462498534735
16265,3,432,25.364293134775078,25.465343526648773,43.08103534202653,42.998869506383045,3.944315545243619,3.7122969837587005,,1204.2582308341598,,236.03818251762627,,5.101963665324491,17.955991891076284,18.027648425909597,58.14735152160786,58.11681792215643,,1.18703862282086
16265,4,433,21.690535480413647,22.13311342709828,34.19653873576361,34.31049806637825,3.935185185185185,4.166666666666666,,203.31309886717304,,97.00247647972236,,2.095957817217936,15.355286020924956,15.668612662243014,45.89104044810884,45.942030150559674,,1.720189276726803
16265,5,428,24.340996857166417,24.424262546471432,42.553821799392445,42.59826390626162,3.747072599531616,3.9812646370023423,,478.25753097320467,,164.36313498352501,,2.9097615534112498,17.231479291982357,17.29071343402923,57.68365897344437,57.75556832432842,,1.2747935261057783
16265,6,425,21.536239392333915,21.716418601588813,35.2617132678776,35.39157063799871,1.4150943396226416,2.1226415094339623,,397.07820914689546,,125.49823524531918,,3.164014285704513,15.246321504342562,15.373170633123,47.51198535407679,47.569759402043495,,1.8282932125605107
16265,7,430,23.50417865535447,23.573309792632838,33.31447913257095,33.348344222651235,2.331002331002331,2.797202797202797,,578.1882699490328,,142.9815398841095,,4.043796635689267,16.637165961222607,16.686558784336643,43.55605851854872,43.59456718133464,,1.6737405566983052
16265,8,421,22.875834497203645,22.966614765671267,41.31236732407085,41.34157868259372,3.0952380952380953,3.3333333333333335,,1026.429614433426,,119.01446319180032,,8.624410738880208,16.19494353504085,16.259250452239154,56.2066566716328,56.23058594298709,,1.1776835461060384
16265,9,418,33.11691467882726,33.555923471125034,55.90324283367615,56.01576648423598,6.474820143884892,7.194244604316546,,1366.3301774013103,,347.5057879991509,,3.9318199137582384,23.445229920149615,23.756128910178827,75.5865263881768,75.66315161017812,,1.3911118616358542
16265,10,404,40.75690791514943,41.157868618937634,57.85124731487277,57.960282890961345,10.669975186104217,11.662531017369728,,1705.3124017353484,,537.1599722885989,,3.1746825707615063,28.85498242304526,29.139170406337556,76.61563018575094,76.70073009752792,,1.5160096172832445
16265,11,420,35.998168542647015,36.35550148242048,64.03869809507428,63.96705967334384,8.83054892601432,9.069212410501192,,1998.8176890678305,,446.30921888754915,,4.478548962197098,25.484486643256435,25.73773829933658,86.85833724254132,86.7414115071542,,1.230269756616398
16265,12,427,36.489104008470285,36.638006624429835,56.96328668062313,56.99411385471755,8.92018779342723,10.093896713615024,,1274.5888420386243,,575.395897800587,,2.2151510758256294,25.831635204884062,25.937347889448734,76.33458403675196,76.38957224685652,,1.3488001566923102
16265,13,481,59.78498290804392,60.11707436727246,90.07708169414936,90.1898469336185,12.708333333333332,12.916666666666668,,957.826431105387,,395.8973369168646,,2.419380838892895,42.3177799509926,42.55290919313782,120.17150548923945,120.25138020413296,,0.7426537371906442
16265,14,436,31.823932215204504,31.634432619993994,67.02006664155155,66.61220891396002,10.804597701149426,10.804597701149426,,1114.853898034527,,562.529972646,,1.9818568827373475,22.527393297234976,22.393291387241497,91.83637768655029,91.2727932586833,,1.3077936737981695
16265,15,422,38.424495825627716,38.638741969070125,88.38304591480889,88.46507883372595,14.964370546318289,15.676959619952493,,1824.6981372595183,,711.3587436500123,,2.565088506393994,27.202535144101986,27.35427059918867,122.11745966639269,122.19483565650629,,0.9686246157660008
16265,16,449,45.839033556774346,46.17445762445674,86.4385918345207,86.61535774991853,10.9375,11.830357142857142,,1155.6056122329974,,644.1082474221835,,1.7941170864647396,32.4490433412238,32.686716942386006,117.93511810683938,118.12107634915304,,0.7574597385285515
16265,17,411,36.09539148680017,36.625374986606424,59.41852916186005,59.59480330392644,7.073170731707316,7.073170731707316,,1058.784118801919,,405.0549582513265,,2.6139270665215997,25.554422141827885,25.929710236647797,80.15025168970405,80.29134529599393,,1.4060225725803464
16265,18,402,41.97017891797827,42.15874760948195,70.72495239094049,70.8388089810618,17.955112219451372,18.952618453865338,,2651.9705882759654,,729.3629077020753,,3.6360096740198125,29.714468510177785,29.84806639749337,95.62806590473657,95.75682546983347,,1.4481488441170494
16265,19,392,44.8341560923097,45.01942600643324,66.51561369302428,66.54436575162556,10.230179028132993,10.741687979539643,,1513.5460878173385,,749.4502036512274,,2.019541899439792,31.743075249847863,31.874419065016983,88.59461281331292,88.63279413938565,,1.2676663739979428
16265,20,463,56.053451629644194,56.23717978753497,102.74645288694913,102.7116111797141,12.337662337662337,13.203463203463203,,850.9061133008549,,868.2765813057268,,0.979994314739262,39.67852290236272,39.8086823354661,139.83230027085625,139.74628524015617,,0.6709169859896151
16265,21,452,43.37509125564693,43.47893487400281,57.14328316414807,57.21139613956718,13.747228381374724,13.968957871396896,,1969.690369170245,,672.9642349163557,,2.9268871464098867,30.704871145502796,30.778402683771855,74.77949617652412,74.87101002089608,,1.474479230725453
16265,22,448,43.4573319525422,43.86240205348249,72.20230622880946,72.21586604670273,12.97539149888143,13.870246085011187,,1248.7947332807369,,770.6389568144051,,1.620466655933003,30.762685321139134,31.04952428185804,97.37227866691359,97.30382574161848,,1.0778778935515783
16265,23,467,57.87571940685997,57.989246314916386,87.47606964696668,87.59119169642226,15.021459227467812,14.806866952789699,,2966.6257058328138,,1025.7043593500086,,2.8922814637472847,40.96828778865375,41.04866298268343,116.8626182538441,116.99564180012206,,0.9364714003813284
16265,24,467,41.48377101281499,41.5816336627665,61.47422459381606,61.56169267253123,7.939914163090128,8.15450643776824,,2206.321792093977,,684.1620498435494,,3.2248526392226915,29.364977805147337,29.43432197868379,81.92683008071499,82.03433223238154,,0.818605352281396
16265,25,503,28.456093971477284,28.707347081315366,43.71103666047618,43.75656037047094,4.183266932270916,4.183266932270916,,464.6644309218881,,90.27873680881537,,5.146997480767979,20.141459897144152,20.319221699146887,58.48426426061151,58.453643369371704,,0.9476289248151671
16265,26,511,31.075262079290155,31.565816730359074,67.84603904013869,67.97669863604725,5.686274509803922,5.686274509803922,,1064.7022777802786,,221.54886238644946,,4.8057221612951,21.993924378125378,22.341253315541,93.27869105798715,93.39483716851514,,0.782844725408588
16265,27,489,51.260496679093905,51.17943632220588,73.269739349525,73.24022442824017,11.68032786885246,11.885245901639344,,1187.6123047628607,,496.43790383973624,,2.3922675838754137,36.28382401316534,36.2265317013327,97.01711047601056,96.97706526197064,,0.815440609619478
16265,28,418,42.61945517463232,42.618161531296636,71.57386690955914,71.6617485002873,14.388489208633093,15.347721822541965,,1979.6595037154946,,595.2964830464741,,3.325501762725759,30.172519207589175,30.171864828801205,96.71042088142416,96.8252297484907,,1.3382100546445213
16265,29,434,40.08653403250311,40.125728330761476,65.79228598957985,65.81643355065037,15.704387990762125,16.397228637413395,,4270.657202598902,,871.0483845645444,,4.902893201201325,28.378236832326607,28.406071048101516,88.69000793936495,88.70162441054086,,1.2812216566599066
16265,30,426,35.46281775345419,35.5485318010118,57.391227731896684,57.51378428609858,9.176470588235293,9.647058823529411,,2537.232397471611,,862.6840936699273,,2.9410909695552876,25.105521896268787,25.16601552830345,77.26728986030511,77.40636072604798,,1.2893440643949452
16265,31,490,52.26355577766942,52.31086148696269,82.68755509934032,82.75393010082352,9.611451942740286,9.611451942740286,,1136.0072723429823,,840.2023369142779,,1.3520639284521343,36.99369776285317,37.027299899210874,110.94591435521961,111.00911265387401,,0.7794374210071822
16265,32,467,40.89870194454086,41.002491400831595,74.35872487486128,74.44759285166054,8.15450643776824,8.15450643776824,,807.6977502788247,,450.54039859172764,,1.7927310243509311,28.950807400076446,29.024301632940983,101.20271756936674,101.29959091240761,,1.0490323390160028
16265,33,437,40.96567855039187,40.88762283563848,59.64392412408597,59.64045883335759,8.256880733944955,8.715596330275229,,1698.9539151655144,,513.3868625835289,,3.309305397134294,29.00038551319263,28.945099460435635,79.19676697379975,79.08478126199628,,1.4145415477512429
16265,34,479,44.54813574555968,44.74610414860703,89.02408193208053,89.11540710572852,10.460251046025103,10.87866108786611,,2436.757756357696,,785.5447476533658,,3.1019973892473334,31.53307852850168,31.673197582996124,121.99611060186133,122.08228516341516,,0.8168779028195206
16265,35,462,39.604429518850004,39.55491504665161,62.64368136170267,62.21321808414633,9.97830802603037,10.195227765726681,,1479.7541167505872,,688.2274011021723,,2.1500947424947223,28.032188707452434,27.994020931601025,83.62256983452147,82.20561877781563,,0.9623746376024412
16265,36,505,37.81649930067085,37.79782988921449,90.03962436384916,90.12490377337613,8.333333333333332,8.73015873015873,,755.6500951483104,,415.87030535564196,,1.8170330639551124,26.766850478446887,26.753649992734672,124.61521457455326,124.7396635071364,,0.6989724397510256
16265,37,463,23.739931862873913,24.020237310106648,34.92045982398005,34.8534968569396,1.5151515151515151,1.2987012987012987,,490.5944059323319,,184.50965839452587,,2.658909079346532,16.80484668621107,17.003306733559413,46.21341442749591,46.04964332216949,,2.0387473508532814
16265,38,492,37.32283229423164,37.56029166825095,69.29807802005051,69.32233982720746,9.368635437881874,9.775967413441954,,1491.716516565652,,501.79233982129824,,2.972776581437836,26.417673363043743,26.585751576493465,94.41199233707997,94.39081616274498,,0.8140947758192919
16265,39,455,41.605676498589546,42.027217082712475,61.2144296222807,61.38524799266169,11.45374449339207,12.334801762114537,,2326.26907973959,,497.341873761209,,4.677404422328034,29.45210003719249,29.750543601680935,81.50305299262048,81.64005461328138,,1.006457876562199
16265,40,462,34.13350638499494,34.34657124840468,50.88044852983803,50.948656270606776,6.724511930585683,6.724511930585683,,1114.7198601621644,,341.8455465831565,,3.2608874718541947,24.16220675935257,24.31312267217396,67.83409746785365,67.87202462588198,,1.1044630178235526
16265,41,491,52.199461311020386,52.24795374707651,81.67183671845063,81.74720934155545,13.26530612244898,13.46938775510204,,1584.9064725260373,,701.1499958132651,,2.2604385395277675,36.9468651621155,36.98102982745521,108.97195103108594,109.07386479888298,,0.827982071087912
16265,42,444,42.72476840858421,42.67312356874198,64.84696604798168,64.8154136265431,17.381489841986454,17.83295711060948,,2303.0250084529384,,718.9960040084552,,3.2031123895173352,30.244817703401612,30.208287720889476,86.60093095252388,86.55240721288116,,1.2070355938564816
16265,43,433,43.46079022314278,43.60633854178635,68.66791335845252,68.7311360606807,14.351851851851851,15.046296296296296,,5105.415425882414,,930.218676247426,,5.488403486455523,30.766919607826402,30.87003371032564,92.19377488213429,92.25290451827199,,1.2259779974349343
16265,44,464,50.06260423312586,50.03306266167762,96.94483155499961,97.00027023105099,15.118790496760258,15.982721382289416,,1694.1205851163825,,903.7692315374427,,1.874505710085347,35.436536722905316,35.41534589800526,132.39248030686767,132.4516061451835,,0.7851638954520997
16265,45,502,38.904683698401335,39.29580130242925,50.588649082731024,50.59868829806787,6.986027944111776,7.385229540918163,,1146.1902894012503,,451.2156811425428,,2.540227073888328,27.536191042825003,27.813089866749284,65.88052693132282,65.77859529663428,,1.0972880044156428
16265,46,451,46.50169641096142,46.579577237134735,66.84103166979007,66.86449578687083,13.111111111111112,13.111111111111112,,1511.726289972246,,677.4619224816007,,2.2314557317622574,32.918203702878515,32.973474187595095,88.54837812051052,88.47042976278406,,1.1934745401334783
16265,47,507,40.92490820663912,41.07891463662072,86.13625350935486,85.86507924777628,8.102766798418973,8.300395256916996,,921.4869645224201,,297.0064233608405,,3.102582611160846,28.96493656956153,29.074683676111484,118.13743393613784,117.83614511562048,,0.5401622039884589
16265,48,566,33.82951649660109,33.88298596034081,39.5141663796336,39.57255832165461,4.95575221238938,4.95575221238938,,840.8617152023552,,256.26920889907177,,3.281165610237309,23.942245759091563,23.98013183554211,50.517599170316025,50.59403518405837,,1.4230963697293528
16265,49,461,41.12103109565184,41.29114439761252,62.91661849685258,62.81781123498849,14.782608695652174,14.782608695652174,,1825.3553643510238,,716.3350593070625,,2.5481865513001107,29.10857722884492,29.229089277267924,84.01095294147763,83.83854596506774,,1.1891731054050299
16265,50,435,44.75387621428916,44.40086136109738,66.84645451108656,66.87244996593853,18.433179723502306,18.663594470046082,,2507.4560678000644,,1025.3244382922126,,2.445524532680115,31.681460360851496,31.432423750830388,89.05477377841429,89.21506424346227,,1.389246081584736
16265,51,431,38.90958441628071,39.04071152242433,64.49606457108806,64.543889540534,10.465116279069768,10.465116279069768,,2073.339314409199,,547.0255453618776,,3.790205653078977,27.545170925376507,27.637898437816094,87.0362430011043,87.02950112066388,,1.1914590674231529
16265,52,516,55.57638393103238,55.65821211533376,91.245089654876,91.19281131388169,12.427184466019417,12.815533980582524,,1606.836205977953,,383.12992252441956,,4.193972100614349,39.33532855805431,39.39343190079991,122.81234354868333,122.73434861435973,,0.6351398519130064
16265,53,518,28.84547577068434,28.870198684682155,64.40234552594902,64.26126425395792,4.25531914893617,4.25531914893617,,1197.406931440843,,245.3553763641529,,4.880296283639079,20.415230339164687,20.432564613773245,88.66824461836161,88.4304496589462,,0.8225441212342653
16265,54,503,20.274995064439544,20.39686093808909,39.14822073754576,39.19160944179463,2.589641434262948,2.589641434262948,,882.0688122316071,,213.78190191658402,,4.126021914501366,14.35068017980857,14.437040407526153,53.50094816333791,53.55087271057188,,1.504077396776274
16265,55,506,17.967236537639977,18.201691880195842,34.35366196116057,34.37812497761141,1.3861386138613863,1.3861386138613863,,496.2848427504322,,261.0552219054627,,1.901072267882672,12.71723461883742,12.883248800517363,46.84929353418798,46.83476304862738,,1.3608846455945223
16265,56,495,28.445531382451986,28.716986513240254,60.663557712759065,60.649742041741106,3.4412955465587043,3.8461538461538463,,761.1553311658047,,350.4525367965072,,2.171921305302963,20.13371726383428,20.32596550624621,83.38706822408113,83.33348267603168,,0.8023464725249373
16265,57,468,26.497176099993936,26.34339099142399,46.67618815824376,46.69873678735851,5.139186295503212,4.496788008565311,,1441.322609511282,,414.4172303732702,,3.4779504901692113,18.75641053760809,18.647593480868167,63.34268478868772,63.40613181184155,,1.0875043112564726
16265,58,526,25.90664401015785,26.00234869015836,47.62550864107621,47.62698513271334,3.0476190476190474,3.0476190476190474,,368.31048302524187,,126.436950056669,,2.912997212129565,18.33599003884829,18.4035870050964,64.83549159252965,64.78042908119036,,0.9863968516808288
16265,59,507,31.474995982483176,31.617516137936473,53.885452653404,53.89463537591348,6.91699604743083,7.114624505928854,,1155.7467134888632,,342.2203159255614,,3.377200767181389,22.275953702158652,22.37692621805799,72.53109705278204,72.52277254842751,,1.2073556844369122
16265,60,499,22.677391551948862,23.04679868392712,53.87216681143332,53.48445999078618,3.2128514056224895,3.2128514056224895,,705.7085758754968,,317.9175923752655,,2.2197846007920448,16.04844991324107,16.310952956337946,74.14651680588439,73.67566439722168,,1.0970365989780029
16265,61,507,28.385921876358903,28.52797827667526,44.65662689138502,44.663193932623535,4.545454545454546,4.743083003952568,,1047.7568996872155,,307.5915088183486,,3.4063258238574443,20.091313182746237,20.191674637289996,59.86295712977127,59.803204424753055,,1.1008844210796802
16265,62,488,39.16663481001224,39.45471957978337,66.06775690091358,66.189157635032,8.41889117043121,8.41889117043121,,1842.5648302345064,,518.3827139409997,,3.5544488284079243,27.723136352918804,27.92697010190309,89.060640042705,89.18493579340992,,0.980766278736697
16265,63,499,24.290049617418788,24.64786202930579,44.35808501836307,44.08338269721563,3.815261044176707,4.016064257028113,,657.2122427225079,,288.83702814631346,,2.2753739260521337,17.19176761739859,17.445217873767156,60.128633112388,59.67568229882969,,0.9722711158326179
16265,64,503,27.513302932798023,27.5984899352589,51.46997863196507,51.49182587501908,5.378486055776892,5.9760956175298805,,1173.3291206527624,,452.4287897573532,,2.593400657111239,19.47380078171948,19.534424499302816,70.14821754721596,70.1969313123349,,1.1102990612777999
16265,65,493,25.15809229859599,25.41516778548107,49.7592926191351,49.712151413033446,4.878048780487805,5.284552845528456,,1060.917105777961,,332.0934870147251,,3.194633882509475,17.80750723587022,17.98943305296143,67.88642080567735,67.80284178658925,,1.1338426126972843
16265,66,478,39.19004335080596,39.406521663042426,56.14181532753651,55.92221425496865,6.079664570230608,6.289308176100629,,957.7916143750762,,635.7526157679235,,1.5065476580354495,27.740093816310676,27.89350570163759,74.24928752650575,73.8987197944746,,1.239472247954747
16265,67,484,37.27469356646145,37.384621952164025,69.57735126803514,69.6600938883396,8.074534161490684,8.695652173913043,,2015.3901874346946,,333.10856597493955,,6.0502502586088305,26.383797975469733,26.461674530199527,94.71947479728838,94.81901639911074,,0.9360013952814235
16265,68,502,23.97961282709388,24.166091947189145,44.460339135909614,44.34187632484652,2.3952095808383236,2.7944111776447107,,782.8590178197232,,203.97729480448126,,3.8379713711279413,16.97273563200941,17.104817495756166,60.47449606699617,60.28576331537185,,1.0140460999535932
16265,69,478,34.31777684218395,34.460060915780865,68.93715691614408,68.96548289529662,9.014675052410901,9.643605870020965,,1807.9577798488767,,476.1488227314821,,3.797043473671363,24.291798126060133,24.392567077199086,94.46571576152087,94.47617673215196,,0.9389389546605862
16265,70,472,43.05198161162117,43.40487275322212,83.91697573692555,84.03978519054435,12.314225053078557,12.526539278131635,,1898.9708650720909,,696.1374850671192,,2.7278675632429112,30.474605579527783,30.72446723103065,114.80957773205236,114.92185139695313,,0.788806949600482
16265,71,420,40.35561040141906,40.36768805907083,62.64811239313171,62.757091243929274,16.467780429594274,16.94510739856802,,2403.281687983539,,855.6496433563701,,2.808721661539447,28.569839026560658,28.57826564601949,83.97370736543458,84.09375206417944,,1.3561495123872849
16265,72,435,37.03516447402506,37.11986700621234,64.59941756577827,64.69736653361795,13.13364055299539,13.594470046082948,,2861.80563780649,,653.2904036344537,,4.380602595546165,26.21803537771781,26.278064086335707,87.6121769837433,87.7247397931345,,1.1410686346404877
16265,73,425,38.67734648971991,38.95272032610537,71.88062645364231,71.97006628553063,12.5,12.971698113207546,,2342.062093297229,,463.1160498333764,,5.0571818751258455,27.381011622610224,27.576023094982762,97.98459037189107,98.0596126320488,,1.2109616266030037
16265,74,409,56.87585851000405,57.156193599910644,88.72674726780939,88.8616705489461,22.30392156862745,22.794117647058822,,3703.4251078323086,,1042.6966703534358,,3.5517760947457364,40.26576911728235,40.464498999823455,118.59675843052318,118.70719917432524,,1.2302377442842598
16265,75,418,53.81607002198239,54.06833283341197,75.97959989063749,75.78917885202597,14.628297362110313,15.107913669064748,,2310.476762246466,,759.8743075877532,,3.040603872476164,38.09913886881626,38.27803266870044,100.28471975551747,100.05130843129297,,1.2667928167058067
16265,76,419,31.09542361933327,31.093885833247526,53.658843793244436,53.61572200542016,9.090909090909092,9.569377990430622,,1283.8750667211357,,312.3071174940391,,4.110937582924732,22.013878868112077,22.01309122330804,72.63015794091264,72.64402585065878,,1.247497026890081
16265,77,425,35.44983547286314,35.68339900484548,64.76724928687862,64.90128721327048,9.433962264150944,11.79245283018868,,2503.3274332532983,,359.7879733920193,,6.957785191240154,25.09637713319695,25.261850538397567,88.14904810753283,88.26893269662465,,1.2519349482443662
16265,78,420,44.294590939196674,44.191839295135495,86.54210334360319,86.53153406023468,13.365155131264917,13.60381861575179,,2552.1321343433374,,824.0452547543302,,3.0970776418149457,31.358379103051128,31.285689223122453,118.26957599716152,118.27954895999105,,0.9384843987526784
16265,79,532,42.4631998889547,42.77964601545398,56.28084050164759,56.358265355111755,6.96798493408663,6.96798493408663,,470.78743067321045,,435.7242572901793,,1.0804710153184796,30.054183547766147,30.278203101422122,73.66477921262151,73.69312338821902,,0.9809732518599842
16265,80,486,22.589914663920176,22.780301770616003,63.78713305507681,63.86847160235364,4.123711340206185,4.536082474226804,,1041.6882588371825,,200.4572953785479,,5.196559481010834,15.989482960919961,16.124428481251552,88.8017000258906,88.88815626320034,,0.8751812157878016
16265,81,525,21.861257781334672,22.256629407465585,42.94728808300966,42.98296896419605,3.2442748091603053,4.198473282442748,,1070.8920331642892,,191.08727367033143,,5.604203841496107,15.47301140209536,15.752880901758282,58.70655433075244,58.69887689645478,,0.8333544275479398
16265,82,483,39.90754772557941,39.93383300800236,99.7431915048595,99.74012107543054,12.448132780082988,13.692946058091287,,1287.9931592292246,,634.4811420575866,,2.0299943904594793,28.24567858737178,28.263964652038783,138.07696860593504,138.0387739676904,,0.5842015138149169
16265,83,450,41.70489239267938,41.679902659606654,76.03880836186111,75.73727656869261,11.804008908685969,12.47216035634744,,1996.4083365786576,,643.598302489486,,3.1019477970286777,29.522683485332465,29.505065622894545,103.08754101174446,102.78345352707186,,1.0528067963656997
16265,84,423,39.186341013837016,39.18165259707061,66.53200076742965,66.55016323723609,15.402843601895736,16.587677725118482,,3330.688340591464,,467.1588597085652,,7.129669643147296,27.73988138552854,27.73733505014038,89.74226772480759,89.81008957052897,,1.3415044497227804
16265,85,452,52.31738454282558,52.34653761233879,82.26116056841865,82.27148995025634,15.521064301552107,15.96452328159645,,2374.297248373662,,883.6494745721075,,2.686922039447119,37.0333516374562,37.05417157061346,110.12250258521433,110.14037970595452,,1.01476976901557
16265,86,389,43.69660885195878,43.867783497010294,49.771773169912926,49.85730243441164,10.824742268041238,11.855670103092782,,1133.4323761953956,,550.5661690135936,,2.058666950470418,30.938062793408942,31.059330480239076,63.325153985887155,63.389906303589996,,1.4505651804756463
16265,87,384,52.3439478923425,52.35961034816358,68.572782557319,68.60792535238473,15.926892950391643,17.232375979112273,,1645.821097314128,,889.8753118364735,,1.8494963006868648,37.06117205218396,37.07238844283714,89.74173023626554,89.78164488254608,,1.216495690661708
16265,88,392,51.795145259092436,51.91432784788257,77.05910989105527,77.14890280158723,19.69309462915601,20.20460358056266,,2962.3291692938215,,1350.1299821358787,,2.194106647870656,36.67152489447785,36.75560381365739,102.75025980827512,102.7513110191584,,1.4503162198848218
16265,89,390,38.670916455168836,38.786755099312195,60.52741001652297,60.6145769974873,14.910025706940875,15.938303341902312,,1645.2994994539329,,662.3559473441625,,2.484011060897185,27.379501371325183,27.461474992315377,81.14529890919601,81.24344004443928,,1.4810758599708493
16265,90,387,45.371714592052484,45.31494406753865,70.12009093038415,70.14944816404622,20.207253886010363,20.72538860103627,,3368.485608034032,,803.644148223277,,4.191513887684233,32.124205910941306,32.08358435838154,93.81843603265754,93.90183635121237,,1.3958638121360414
16265,91,439,42.65873139327873,42.879000637283674,66.88293016411217,66.97348932420176,16.210045662100455,16.43835616438356,,1699.385484143454,,572.3384385003,,2.9691968419880355,30.198768787681583,30.35472686474367,89.72551943490424,89.77946841336309,,1.254458171478036
16265,92,422,40.183946709959145,40.26578365477733,57.933805847809985,57.94953984844125,19.239904988123516,20.19002375296912,,1715.8552077290078,,885.7187780408645,,1.9372460540176593,28.448135565446684,28.506152048733718,76.81342040377615,76.81335428654077,,1.627858751476706
16265,93,415,39.715629771072784,39.942331310383906,82.01737236617983,81.96776633841122,16.183574879227052,17.14975845410628,,1765.5214339955703,,834.7520407945176,,2.1150249986991896,28.116023781308293,28.276351154339913,112.52468518859975,112.3670845560396,,1.196298806280083
16265,94,410,38.463857199535504,38.522211570907054,60.21051042165066,60.222968103100285,14.91442542787286,15.647921760391197,,2641.93626103993,,577.737299874844,,4.572902358238348,27.231029015210215,27.27220800520581,80.73385052824942,80.69198453062413,,1.3327589133266504
16265,95,404,46.794155884778846,46.967332777779774,65.73617422386936,65.75688895935639,18.11414392059553,19.602977667493796,,2347.084852786207,,782.0207195231263,,3.0013077584663637,33.12941224035101,33.25194266761093,86.92855469538956,86.86199708952365,,1.5206550557960887
16265,96,410,35.0004400131702,35.230334522797754,55.275746300240755,55.41810191141537,13.202933985330073,14.180929095354522,,1323.4510074531163,,627.9005269332347,,2.107739921667306,24.779355942281136,24.94217815846727,74.2227761804061,74.37436505405094,,1.594170440303312
16265,97,402,42.94173161548721,42.92644872336867,58.986775670270916,58.80278887986415,19.45137157107232,19.950124688279303,,1738.6380238884346,,653.1161252489585,,2.662065682769187,30.39848811902106,30.38789414019486,77.15907263279209,76.89419837907734,,1.7291683683748795
16265,98,419,47.57532323019504,47.62322146832974,73.27874431630809,72.96444615287494,18.421052631578945,18.899521531100476,,3570.5414255426,,958.1224513706017,,3.7266023987173167,33.678648434967556,33.71364213657823,97.74546320562729,97.43532660344053,,1.4275981672611262
16265,99,410,35.892957673180526,35.81214603904056,57.34424710314605,57.317824014924355,13.202933985330073,13.93643031784841,,1456.072394028293,,450.2845719724452,,3.2336715149934037,25.410802450722098,25.354086376877525,77.03917175953812,77.09313426856733,,1.4466347709122438
16265,100,419,29.751567735923015,29.862675307125464,50.24854419899703,50.28995498810346,7.177033492822966,7.894736842105263,,1816.6564826746599,,395.1559116968742,,4.597315714887304,21.062745054755013,21.1414605454242,67.9540319479052,67.9923312678282,,1.3910326857292963
16265,101,413,33.84006349880501,34.00071560718225,57.07089425378473,57.16674354217725,9.951456310679612,11.165048543689322,,2084.7963595681763,,515.0101028940697,,4.048068858946228,23.95757065364296,24.0714383936952,77.15858511292343,77.28219738950966,,1.5390276062661754
16265,102,415,55.356022121897674,55.62273473908597,82.19271390465165,82.30974547032332,17.874396135265698,19.565217391304348,,3930.890187642367,,706.6703976745292,,5.562551085453582,39.18986654811028,39.37886769393142,109.50031750999099,109.58413682552373,,1.0307732538155543
16265,103,412,37.79890568200751,37.62407117401461,75.75063184703285,75.63273359514857,13.138686131386862,13.381995133819952,,2538.6399780761367,,702.6277183544846,,3.6130655135859024,26.75894534735194,26.63613414959923,103.69288160351974,103.66178025113744,,1.3141434644163195
16265,104,420,35.766771094531855,35.840155502055,48.416027756995504,48.464827469635225,8.591885441527445,9.069212410501192,,1062.3526154063168,,436.0994329837414,,2.4360330123289184,25.321036749185122,25.373055631599943,63.63913543198511,63.69263738241511,,1.4263239625717432
16265,105,513,23.72062070603734,23.89540155059521,62.64806612665754,62.6545213140751,4.8828125,5.078125,,771.0271205868437,,177.35574219608029,,4.347347940583815,16.78919336364402,16.912446166886614,87.0222182315953,86.89294125142229,,0.7430515509727809
16265,106,409,32.03713405424909,32.0276293498136,77.40520117573155,77.2405702936104,6.372549019607843,8.088235294117647,,952.9479479217079,,508.93786383115315,,1.8724249375909294,22.67853414613694,22.67182808620446,106.9655366753884,106.72412180155916,,1.220640856141097
16265,107,381,40.376740175550914,40.4940465997952,64.89269902239937,64.99282944649498,13.684210526315791,13.684210526315791,,1348.4213977188922,,670.7636746015366,,2.010277909756986,28.588248458340537,28.671324853269383,87.31534280898633,87.43500257334614,,1.3252712081700533
16265,108,395,53.304670606531396,53.19434816636805,98.13107733505684,98.26660573702891,27.411167512690355,27.66497461928934,,4219.825758928316,,1027.2439688222603,,4.107909987309407,37.74000746184891,37.66187578129418,133.7268261536379,133.88018575859064,,1.3986610167571025
16265,109,392,44.8358969203634,45.18906153098648,71.65402562950092,71.79984420167918,17.902813299232736,19.18158567774936,,1913.7699903292037,,861.9097352470553,,2.220383309373627,31.738825643813108,31.988008596278277,94.7711137248062,94.92536997629998,,1.4944917581129167
16265,110,381,31.31161688533002,31.120499483887613,50.50100343561799,50.57514397575463,7.894736842105263,8.157894736842106,,895.8872480815634,,333.8892645908152,,2.6831867421058977,22.16915851430537,22.034542729049978,67.82982633896685,67.91161652452742,,1.4055212136581017
16265,111,385,40.579276151685995,40.61511378000712,66.03015839448312,65.92133402961207,10.416666666666668,11.71875,,1300.2093048891302,,386.62046804065074,,3.3630120812755866,28.729871838410407,28.75519018612025,88.79315725117598,88.60028420859807,,1.2441976056364452
16265,112,396,47.80363117877744,47.892858427169216,82.22694388345678,82.25243279073013,13.924050632911392,14.936708860759493,,2032.9576528957825,,978.6953473212309,,2.0772119316395585,33.84448906770388,33.907380322281014,111.31043960941963,111.25399005959756,,1.0868016948066204
16265,113,394,30.515786465377374,30.583442232284945,60.687536659480145,60.716792986055374,8.651399491094146,8.9058524173028,,639.7233893889891,,360.1943152002619,,1.776050765913154,21.60496642819379,21.65300565984132,82.83693349372071,82.8480561456898,,1.3454237651075602
16265,114,375,35.031856205429094,35.34403871073677,68.35079722411447,67.93285585817776,13.368983957219251,13.636363636363635,,1429.5985071659284,,529.9003409885609,,2.6978629689102043,24.80047724383913,25.021702938034114,93.0919868682869,92.4166460175114,,1.4182258884649057
16265,115,371,63.778881490975245,64.02844896155743,88.62264360533558,88.78440677010612,17.2972972972973,16.486486486486488,,1677.8743833994565,,1365.171005232901,,1.2290580278719059,45.15942603791492,45.33638201130896,117.0772092407605,117.26502418059849,,1.0656681329487558
16265,116,357,46.44694239805793,46.97497086027775,82.44200558906294,82.634669227366,23.314606741573034,24.15730337078652,,1972.037325271965,,776.3676642845081,,2.5400817370328954,32.888728879691314,33.26265188621767,111.97871082132319,112.13968939999974,,1.349260161350266
16265,117,366,31.324824803542043,31.475090447547863,39.80878986776279,39.887205109113985,7.397260273972603,7.9452054794520555,,391.2117264894322,,376.7174586660431,,1.038475168830012,22.180380276858756,22.28674896902351,51.822262349303124,51.862220801053425,,2.278774444300327
16265,118,386,34.12365682266921,34.33535592747899,70.83590337790775,70.93947941914813,11.688311688311687,12.207792207792208,,859.3050631556463,,453.94617947273633,,1.8929668361869219,24.16046249717321,24.31027675975266,97.27505247400022,97.30455964707615,,1.4152489810590234
16265,119,471,47.32716315542719,47.31458030665476,119.6471286756463,119.29766615003598,11.48936170212766,11.702127659574469,,963.0705683343972,,712.2092768988882,,1.3522297442232327,33.50001625839382,33.491519033546155,165.67711908999027,165.25727059326508,,0.5652175606741775
16265,120,384,59.19883125243859,59.38180658147394,91.43105859822752,91.56915589468667,23.759791122715406,24.02088772845953,,1776.0875891649757,,1331.5833302768353,,1.3338163288629696,41.91408978714866,42.044251912476376,122.42380822436827,122.60489873301354,,1.340434280835287
16265,121,361,36.40248698959699,36.488789441068775,61.79621276251617,61.75999512494708,13.055555555555557,13.61111111111111,,1429.7833383278803,,423.8501467622051,,3.3733227397701935,25.776197387855724,25.83736043753642,83.53122177844492,83.43339565520814,,1.3801905781818726
16265,122,351,47.35800262834602,47.31604403289265,70.28642170031834,70.33521839872306,22.857142857142858,23.142857142857142,,1619.4983438760896,,780.2454177475923,,2.0756268566770277,33.53501323996503,33.50528058420515,93.70386009196741,93.75055283131361,,1.6753053374217253
16265,123,334,45.9848061359849,46.19758508266292,52.15714617907388,52.250615783369554,29.72972972972973,30.630630630630627,,1072.9449620366067,,663.7134499869592,,1.6165786033983314,32.56438529348461,32.71457087931702,66.06155087027345,66.1051308653177,,2.0007000703642714
16265,124,345,45.16903850958184,45.276990082201685,64.92277033761896,65.00375242771273,27.03488372093023,28.197674418604652,,2546.7540186381966,,632.3656490230699,,4.0273440256798105,31.985530850268052,32.06141703052679,86.1546046548485,86.10393671064982,,1.7699648094006348
16265,125,334,50.677826218132076,50.94575428353252,62.34927562775945,62.50677853179337,32.13213213213213,34.234234234234236,,2187.719386839848,,857.3802301076821,,2.551632647938573,35.888561820455585,36.07846433987826,80.68636619352354,80.84622868422305,,1.7857275681303484
16265,126,339,65.49929405165214,65.49369689019099,131.73673772423493,131.84101407021566,39.053254437869825,39.94082840236686,,5014.158679997891,,1387.775483177821,,3.6130906913819634,46.38366069540735,46.379889043342295,180.66368095981335,180.80242499946183,,1.1828134738150786
16265,127,342,47.58180766370891,47.59634192567621,53.825911825868666,53.860097715537094,29.61876832844575,30.791788856304986,,1370.9799622190803,,684.9145344018933,,2.0016803460249224,33.69485718346352,33.70470617677309,68.25079572872343,68.32419275000719,,2.049725069351359
16265,128,342,43.52695355687189,43.489552497934355,41.944335849629226,41.99569048920787,25.513196480938415,26.392961876832842,,706.5071345333293,,624.9747646110319,,1.1304570592910916,30.823223637060757,30.796376358383764,50.639707040414386,50.72132749288986,,1.8741072105768084
16265,129,348,49.28940525205051,49.379970665140874,83.55990913740621,83.69017411435446,28.818443804034583,29.68299711815562,,2821.7790701972435,,788.2198946104246,,3.579938909803716,34.90307069377469,34.96729188902741,112.97370965461265,113.14665010473692,,1.3909347406763928
16265,130,346,49.206077992591965,49.318141385979274,70.42805488688145,70.56764784335368,28.405797101449277,30.144927536231886,,2807.833812939869,,846.8272646505272,,3.3157102164142285,34.84411834121426,34.92343164266912,93.39634802211776,93.56378923735019,,1.7346010553881066
16265,131,349,56.18398405023609,56.42204078087713,119.07533063237578,119.2777140805694,32.758620689655174,32.758620689655174,,2624.592195572112,,1122.3893885573875,,2.3383971929256324,39.78527999892597,39.95399896901392,163.8802008310797,164.13250765351512,,1.3448050668289608
16265,132,333,48.21099086272875,48.33068367915211,67.39252907998606,67.40666996865008,28.313253012048197,28.614457831325304,,1323.7800316447856,,896.106500099629,,1.477257481669431,34.14086060665489,34.226129239688355,89.01953846427993,89.05102713840233,,1.668363696666714
16265,133,365,42.68882031005642,42.900872351093845,94.10819715661013,94.24073181460284,12.912087912087914,13.461538461538462,,1840.0923426681247,,625.3148439121982,,2.942665379820243,30.226721576769112,30.37679152732917,129.73751648585832,129.8895722358124,,1.1019108073267745
16265,134,358,40.78821112256741,40.800418592256754,75.64291964450919,75.46700146137397,16.5266106442577,16.5266106442577,,1506.6143103607576,,568.680547245066,,2.649315714524521,28.88026689888188,28.889805429089577,102.93211414394479,102.78244616236817,,1.3791667471956586
16265,135,369,41.14280553778972,41.28930296710683,94.57013914846193,94.64742122357062,14.673913043478262,14.673913043478262,,1814.3044828689235,,695.8774406716166,,2.607218422137485,29.131205045471113,29.235311084095326,130.40074401163366,130.45674773325806,,0.8766798656321755
16265,136,356,59.576197289275726,59.89935060908282,76.77147284159085,76.66280483352475,28.450704225352112,28.732394366197184,,1891.0748438342162,,1442.2767749854884,,1.3111733313831135,42.185455353934195,42.41485501634447,99.99311576283995,99.84763059280795,,1.6975339722603788
16265,137,351,63.40307387489754,63.161048531321356,94.09682446671718,94.1688394066012,29.714285714285715,30.0,,3329.4441387662414,,1091.4842139516581,,3.050382310809767,44.896649597381966,44.72571025547388,125.37608835040109,125.49451501854499,,1.2533435200356213
16265,138,331,74.95954559213115,75.32188273162774,126.18370420398847,126.42749009392963,37.57575757575757,38.484848484848484,,3204.5041256583772,,1264.9560090853913,,2.533292938760257,53.084726247010465,53.3412356379073,170.61164801879852,170.8821048280461,,1.254831221559427
16265,139,326,55.06565683345655,54.802000504171914,77.68842223671322,77.69195362532504,31.692307692307693,32.30769230769231,,3143.197846657684,,929.7882110698904,,3.3805524841413757,38.99696990374371,38.81074265413627,102.67533598472664,102.66256393352911,,1.8277211868660574
16265,140,321,54.30249521272595,54.48050469525342,118.44804598646697,118.46557573079548,34.0625,35.0,,2374.1310876528264,,954.7590934895326,,2.4866284111268904,38.4547525402838,38.58216871087083,163.07276227389482,163.15925112447488,,1.406739204362306
16265,141,342,52.08409701297404,52.05743434504082,128.7004398027245,128.8142400334591,26.97947214076246,28.152492668621704,,3613.129650347919,,1226.6947804597055,,2.94541862238453,36.88278191570519,36.86351243935728,178.44958731103276,178.53501336641008,,0.9790855734068995
16265,142,327,41.09913123167528,41.305466205594854,67.30560954630627,67.402034549738,20.858895705521473,22.699386503067483,,1149.27932618417,,563.4431942381243,,2.0397430263368443,29.1058333388168,29.25215911544786,90.47986860480971,90.55615688542414,,1.589235205116581
16265,143,307,57.01421510070832,56.999050898051706,93.48598068378557,92.6288515883505,38.88888888888889,39.54248366013072,,1612.464041058539,,800.4181529495723,,2.014527075774763,40.375631323156014,40.363465143343575,125.35387967052542,123.80742373071547,,1.5423736818535547
16265,144,296,53.344977018396214,53.1484892048862,76.01353476258006,76.13628904403589,36.610169491525426,36.610169491525426,,1280.7596983520164,,949.50434267887,,1.3488718700733522,37.78461670656207,37.6454574876891,100.82368859236038,100.94996807998736,,1.4490176195932467
16265,145,302,47.70683569392242,47.94886164794043,57.90192013165936,58.0740703952307,32.55813953488372,32.55813953488372,,697.2255704817532,,680.1086673154626,,1.0251678944687688,33.78838298335252,33.95907301312587,74.29420470115264,74.45902646471802,,1.5810826866789751
16265,146,317,67.65680726668501,67.61271600135115,129.5270018728542,129.6492918563101,35.75949367088608,35.44303797468354,,2413.034768253127,,699.1790957802939,,3.4512398651738088,47.91530956417264,47.88517421936782,177.0027909411508,177.24463039295202,,1.1614862599448035
16265,147,314,48.37159279903995,48.76053469343567,61.086963557162385,60.825087954311996,28.753993610223645,29.712460063897762,,1372.7149727385497,,668.8425588771023,,2.052373842721904,34.25700482045228,34.532658359341724,79.11401044131323,78.59405129526274,,1.6353893224671132
16265,148,312,65.18366662665962,65.2427724337241,119.16248998757864,119.33681418746194,34.40514469453376,35.048231511254016,,2021.5815571366315,,1078.4886202251216,,1.8744579397737646,46.165600797936925,46.2080662297795,162.3120374383323,162.58604961877862,,1.3316359485820264
16265,149,315,42.193857889634465,42.169898262727855,40.80412799052173,40.84246811501046,23.248407643312103,24.203821656050955,,525.447130713088,,511.43257344373586,,1.0274025511808624,29.883180479692975,29.8662319012464,49.47084629443745,49.499316706261986,,1.794346792793006
16265,150,326,49.779788506481225,50.03949057778217,120.4855009975279,120.67562636928857,25.23076923076923,26.153846153846157,,2809.2289878246434,,737.9134730141963,,3.80698969534955,35.25297972719401,35.43681907077486,166.90884896918973,167.1303434303358,,0.9953403908066996
16265,151,323,61.19284027555762,61.443082087803816,124.67315202287537,124.89769130251946,30.434782608695656,30.745341614906835,,3727.635300407525,,772.6242752479948,,4.824641704677269,43.336452013274275,43.51390009591914,171.08998401810118,171.3729759464286,,1.1369007939751268
16265,152,333,48.95643908419984,49.39806862914814,118.82143384006385,118.53557170855389,28.012048192771083,29.21686746987952,,1680.1801368778952,,948.5962064320186,,1.7712279740160501,34.66477632324657,34.97894895372836,164.26610030592084,163.90895309666828,,0.9871928175425468
16265,153,431,48.37709568202609,48.437016032622424,106.89125816201567,106.85079678641976,13.72093023255814,14.186046511627906,,1864.14683593028,,357.98995960348884,,5.207260108621529,34.2475314532443,34.290067470018876,147.06725746219774,146.97882850162674,,0.4564327413528313
16265,154,365,45.13831562370784,45.27966357962808,75.86237403166892,75.75508993590654,16.208791208791208,16.483516483516482,,1082.4481861156007,,464.43233613309866,,2.3306908281368868,31.961105288888554,32.06133111734202,102.37774203563633,102.18986117761891,,1.4150545132951535
16265,155,358,49.724462913236216,49.71378756599927,102.89805773917703,103.01063481671638,20.448179271708682,21.84873949579832,,1582.154077550692,,702.3381990396733,,2.25269546738881,35.203250893592696,35.19482187236683,140.49386343681894,140.63660295540828,,1.115195220945495
16265,156,371,46.91896868052322,47.02533480817694,79.28583759153773,78.15988248868648,18.91891891891892,20.0,,1594.5637781209816,,596.8201312510938,,2.67176607259938,33.217524114043634,33.29345794498858,106.33958953757559,104.7381783969132,,1.3723406463460255
16265,157,375,52.08298518154584,52.282999764198344,99.63179255841183,99.80533762201034,22.727272727272727,24.331550802139038,,2428.753667836937,,1125.0116876364057,,2.158869720668973,36.87585808551393,37.017450985677144,135.82277862306347,136.03974742759465,,1.2414580906809636
16265,158,341,51.20720673498277,51.106921293791444,83.41945120160563,83.3984350945967,25.882352941176475,27.647058823529413,,1768.7440137842095,,931.1831308250535,,1.8994588231179128,36.26229649458038,36.191435060291646,112.31389848584813,112.3804856239464,,1.2721609645510565
16265,159,347,40.97340114325863,41.000247436510335,64.36536642494364,64.44751909577852,18.497109826589593,19.36416184971098,,1750.0191507375812,,621.5199956529821,,2.815708525835881,29.014418504004492,29.03332580699113,86.38688679489594,86.49398965269071,,1.5335156065501383
16265,160,353,53.43339319180522,53.336324702434574,100.33070936384145,100.41645218520652,23.011363636363637,23.863636363636363,,1874.605133146937,,802.9738317974795,,2.334578113150438,37.83396074285426,37.76589456140013,136.52365239981887,136.676649446299,,1.2417797634388716
16265,161,388,33.52177310412702,33.55731312618316,71.13945424481317,71.14158047743985,8.2687338501292,8.527131782945736,,1355.0187444656249,,299.4243844304641,,4.52541214050756,23.73146719764595,23.757105900093705,97.63767483601472,97.66282272699873,,1.2439162175178997
16265,162,378,34.01822326720333,33.56923616976229,60.40542531033582,60.26141108356568,13.527851458885943,12.9973474801061,,981.9878426812115,,563.8943366107756,,1.7414394487154112,24.085338394978148,23.76861987537648,81.92562583285923,81.93897608231651,,1.4050718730008247
16265,163,371,31.99337535022955,32.22952912199423,60.70341072721388,60.72937954950056,10.81081081081081,11.081081081081082,,1325.4910105231893,,524.3525057224822,,2.5278624514187333,22.652532247497035,22.820243659494196,82.82249081923848,82.87334623651263,,1.4313446917496668
16265,164,362,32.300868714626375,32.64148689423732,59.91563020741975,60.01634536770615,10.249307479224377,11.080332409972298,,696.0492429914095,,366.4577163329198,,1.8993985171240388,22.868655128994057,23.109089589707317,81.26497930575246,81.3036214509153,,1.427116355640146
16265,165,353,43.89102549657076,44.03106906191403,66.86100446006564,66.81513285747458,18.75,19.318181818181817,,979.1630662579049,,897.9950308953546,,1.0903880673834252,31.07942326417471,31.17881208702992,89.29475426680317,89.21688837060599,,1.5500711796989228
16265,166,358,39.02966056586394,39.36518738083295,65.46974690663876,65.46239012455598,18.76750700280112,19.88795518207283,,1635.228198959339,,699.5964315335549,,2.337387849984921,27.636715508099012,27.874376251326915,88.36918489980498,88.2643467333045,,1.5279448781829175
16265,167,365,56.81391346511129,57.30898323324756,94.01393590049094,94.2147164689354,19.78021978021978,20.054945054945055,,2532.7839594662437,,561.2913971543904,,4.512422553252796,40.22851376124415,40.57910702647034,126.85752560540567,127.03875506571764,,1.2331107058337094
16265,168,341,47.19369298570177,47.275755415936956,73.2765612172572,73.1031992274593,26.176470588235297,26.764705882352942,,2344.4525285747773,,862.0060239132662,,2.7197635092288786,33.41806826016062,33.476215388480846,97.99482697322193,97.70292551230426,,1.6056392374008848
16265,169,333,61.594831370823236,61.87327464102434,98.37711695245534,98.49678677899854,34.63855421686747,34.93975903614458,,2823.8664862257065,,1271.436920542507,,2.2210039999631253,43.61978547701833,43.81691704319871,132.1577664316534,132.31274196520116,,1.5064220637355281
16265,170,338,43.75347723570246,44.25628822686159,70.06625971765547,70.12583413185894,17.50741839762611,18.397626112759642,,2130.368224311842,,727.3188026567653,,2.929070741097285,30.9843159189079,31.340565709488406,94.15932785453373,94.14626034467324,,1.5678972689429231
16265,171,331,42.73243384115438,42.89578804753265,64.90543457518903,65.00139476047305,22.424242424242426,23.333333333333332,,1829.1344085975636,,836.0085270270637,,2.187937502386683,30.262238677243946,30.378061153592487,86.79615412950837,86.89807397936987,,1.5965437509810858
16265,172,350,35.15314078100762,35.28732636937588,67.67221352819614,67.66827144956665,14.326647564469914,14.899713467048711,,1445.2085375698025,,494.75023352571674,,2.9210871256611175,24.892531024837464,24.987251047207135,92.43384545425322,92.28017479488341,,1.4248194554442253
16265,173,341,45.106816392983156,45.153556424905325,68.3046054913284,68.34924654837606,22.35294117647059,23.235294117647058,,1615.0198470274622,,1012.3123254604832,,1.5953770456097311,31.942327797580436,31.975512527664865,91.23111489868874,91.3036071360673,,1.5904054802647716
16265,174,350,37.576964060083135,37.664581368378066,68.6707078248166,68.75475557890726,17.191977077363894,18.05157593123209,,1476.4324864791474,,625.9967982596382,,2.3585304119507375,26.608905358112317,26.671198147559604,93.52663318541617,93.64302818655142,,1.5297907743859753
16265,175,354,55.06088388283395,55.192226066555946,95.53218285026325,95.66051469438229,21.529745042492916,22.379603399433428,,1775.7678843039707,,860.7404989261297,,2.0630699804638453,38.98907563232725,39.0822984921058,129.5392207536322,129.7109641238327,,1.3513393460863137
16265,176,365,55.00850158288472,55.00132730679908,76.13332774723304,76.23384860450257,12.912087912087914,13.186813186813188,,1658.279694770747,,947.864002292826,,1.7494911619804827,38.94966561605343,38.944641260036384,100.36300851434906,100.51718927974366,,1.377271743520253
16265,177,352,63.21098889986954,63.42131232592761,83.12910793238878,82.71001738596708,23.076923076923077,23.931623931623932,,2571.5021741703185,,1221.4633014455255,,2.105263556528556,44.76001571305393,44.90922959691169,108.45961803680628,107.78609492655806,,1.3449219722946584
16265,178,361,53.717842043584035,53.68182338147512,110.45934889301043,110.60166956159027,23.333333333333332,24.444444444444443,,3458.6003333175713,,1017.4085307354776,,3.3994214013689987,38.037104030374664,38.01171930717072,151.73071751816428,151.94539212477704,,1.1255680986566379
16265,179,335,48.0398097228469,48.267522763797956,65.85689983437811,65.93969606064667,26.646706586826348,28.143712574850298,,1545.8064945317117,,632.6710079111544,,2.4433022458787748,34.0201410883607,34.18158731000526,86.79739809817767,86.87465461947924,,1.539584085233184
16265,180,328,47.82501247899689,47.946288967623666,71.48225163010795,71.44446716914302,25.993883792048926,27.217125382262996,,2984.714131248545,,1337.5998635206506,,2.231395361683562,33.86838973885905,33.95477435169001,95.3015764241922,95.26554705102768,,1.5903514465435595
16265,181,339,51.76996767856195,51.88528776111213,88.03048391175251,88.12623053045097,24.85207100591716,25.443786982248522,,2081.0881350200916,,932.9582786430443,,2.2306336549657533,36.6609340204122,36.74293261781968,119.00788728085593,119.08123445141945,,1.3636689616019118
16265,182,338,41.2323880833818,41.15071022936241,75.23146788615732,75.14871695152368,18.397626112759642,18.991097922848667,,1192.2819695375601,,647.4355314470886,,1.8415454692032127,29.198275480713566,29.140903435216472,102.35253333133653,102.30289871053074,,1.4641305365654218
16265,183,338,44.50454145298716,44.54799445007384,89.8753676347633,90.00512129620739,24.03560830860534,24.92581602373887,,1991.2765918728273,,788.6794588613857,,2.5248237030892473,31.516103892682338,31.546843589187393,123.30795958805811,123.48243748297868,,1.211340553662869
16265,184,336,46.62362636026228,46.78911793233794,76.9713005530327,76.65513827740098,22.98507462686567,23.283582089552237,,2393.274899417869,,887.0540888375582,,2.6980033456067387,33.01537705259465,33.13262767311864,103.5741909516242,103.05740271034927,,1.6189617939453556
16265,185,330,55.622569296469734,55.9350668839957,93.27566297278746,93.41600785009004,24.620060790273556,25.835866261398177,,1745.7856539991988,,664.2380154072039,,2.6282531464703416,39.39039958976168,39.612382179801784,126.04113048930407,126.21423411511363,,1.4232062822323026
16265,186,338,51.80128875154048,51.8757673494594,84.73569707229863,84.83497683012912,21.364985163204746,23.14540059347181,,1496.884648738958,,739.5222504470775,,2.0241238824579217,36.68314220646032,36.73606568043627,114.22853755037653,114.36169475897508,,1.2349781351517155
16265,187,332,30.330724580344782,30.812826923706677,39.08296928474335,39.2716513766522,8.157099697885197,10.27190332326284,,350.49045006188567,,309.6417815608459,,1.1319223403738645,21.47952549187416,21.821046141540652,50.99851069471648,51.15459324856813,,2.2346577517091326
16265,188,330,65.53413614727754,65.8594216087125,116.19856993612018,116.29229421770677,29.78723404255319,31.30699088145897,,1843.4285902759814,,1393.9858388109972,,1.3224155790910597,46.40899927695177,46.638797632641456,157.7609831662702,157.72383723206704,,1.333868563780041
16265,189,317,62.806740852389474,63.114106792304966,98.54643281388101,98.68447699409545,34.49367088607595,36.075949367088604,,2629.337867933067,,727.4257950118854,,3.614578814723097,44.47861190295213,44.69706750441337,131.95295925913584,132.1145436116229,,1.6253484024843763
16265,190,321,60.04072714429452,60.2077906622252,89.80609094720283,89.64747311406316,35.3125,37.1875,,3000.1209215713257,,1379.381120473777,,2.174976065020284,42.520291286961296,42.63895772734377,119.63467701978307,119.37777272676125,,1.606140300212544
16265,191,313,65.90354595004781,66.13481310794755,111.85740154732899,112.08562678542805,31.08974358974359,30.448717948717945,,3528.2124164073803,,946.7890131892283,,3.7265033362847233,46.674613485832246,46.83945351031217,151.16069403156044,151.37579648078108,,1.3809228173179797
16265,192,313,44.295866319972326,44.13833850571424,68.23302476593656,67.7081209653119,21.474358974358974,21.153846153846153,,1511.4864923209948,,665.3887079603305,,2.2715842247372606,31.37059969079637,31.259458396438475,90.96276845787759,90.290943945978,,1.4853852637641216
16265,193,307,63.60404062529659,63.800508759983934,126.09532817271064,126.34690661892702,38.23529411764706,39.869281045751634,,2355.8258966137746,,1088.45005213991,,2.164385854897231,45.04758826118414,45.187449676685695,172.66221686268756,172.97686808898473,,1.341502602917154
16265,194,288,69.39306422302198,69.4614648916585,95.73355503685087,95.70092420703955,39.02439024390244,39.721254355400696,,4482.475422362005,,1079.7216594842475,,4.151510144293258,49.152922187608745,49.201680846396506,126.26363669166301,126.19698922055437,,1.5655624804269548
16265,195,293,59.09814294248895,59.22198904338063,68.35977547796172,68.49326125302943,38.35616438356164,38.6986301369863,,1636.8651506885017,,942.918792585942,,1.7359555918908152,41.860433646587005,41.948390299865515,87.32517576023388,87.48193604272612,,1.8063196205593848
16265,196,296,65.41943439618002,65.59409298110315,112.73978376714554,112.92064007895085,39.66101694915255,40.0,,833.4062210149305,,760.7691406614091,,1.0954784789119745,46.33703494048231,46.461106754004895,152.76776296588278,152.9577414647699,,1.253790189951898
16265,197,287,67.28659193330515,67.23115401490173,64.1811570522214,64.18517714230907,41.60839160839161,41.95804195804196,,1160.1870024485115,,958.916199054355,,1.2098940487110779,47.66210574308057,47.6232019085211,77.38334409536807,77.45763805530093,,1.7401351038227475
16265,198,291,52.55422012874435,52.60810257695486,57.5006758018113,57.604345644712176,36.55172413793103,37.93103448275862,,1945.6282977209944,,762.76832715988,,2.550746050200353,37.22567817947197,37.263819882065214,72.43220227784245,72.55989717076339,,1.8565650487194634
16265,199,295,51.225935946602696,51.23458729367871,62.84601295363107,62.700762878365445,36.734693877551024,37.41496598639456,,952.716010306295,,759.9339622822285,,1.253682632429145,36.28238489303852,36.28988847355897,81.05050580390755,81.01708295832874,,1.666596326274049
16265,200,296,57.88903545903247,57.672309110137405,68.30156586873629,67.46040479191676,40.67796610169492,41.01694915254237,,1221.4152508662373,,850.8643728074604,,1.4354993461955985,40.98834683692817,40.841408118728815,85.52150604411011,84.8947685622487,,1.8597641983421125
16265,201,289,64.41201077143084,64.41027035208957,79.01511158046236,77.59793806704573,42.36111111111111,43.75,,2029.5634549398023,,971.0049651950953,,2.090167947320455,45.62204642290179,45.62192889063174,100.99408893946644,99.02169937420524,,1.8096170866280616
16265,202,299,50.98552904070333,51.17027756810887,48.39843195504518,48.50016977094092,36.241610738255034,37.24832214765101,,828.4163351405236,,712.1948840690598,,1.1631877084084672,36.11277990090344,36.24383806408749,58.257210110208284,58.34473193106421,,2.006811766395425
16265,203,297,49.23081415852422,49.52164395836414,42.109604049423474,42.234430704905634,32.77027027027027,32.0945945945946,,405.2503061107448,,694.442773820565,,0.5835618446732607,34.8703148815787,35.07646109444595,48.258367766424726,48.334859488383636,,1.8620035138528892
16265,204,306,51.48520970771646,51.17205240527706,121.79603959696257,121.92597791173351,32.78688524590164,32.459016393442624,,700.9051974407189,,788.6621593983439,,0.8887268003011921,36.45663105997357,36.227916850873854,166.94679821943916,167.20864777759016,,1.0074459957759108
16265,205,299,113.2030256705763,113.36446393602222,214.2606947463391,213.2869538934583,48.322147651006716,48.322147651006716,,15068.652955402218,,3089.6625631979473,,4.8771193122803185,80.1694972520492,80.28298072043036,291.6123632156892,289.99151364665477,,0.9599195942633616
16265,206,270,73.19635822220593,73.05201581698738,96.88734845438886,97.01041940205616,53.53159851301115,53.53159851301115,,3099.7306579238734,,1358.6174474550269,,2.2815330862490497,51.8534242853807,51.749518195456695,127.00410546515901,127.0273923616328,,1.8138239594121568
16265,207,300,52.45456294953365,52.488157820687476,93.32398969451206,93.28693622476135,29.76588628762542,30.76923076923077,,1704.823503000351,,761.5808538084184,,2.238532513619641,37.15315361800496,37.17667626887266,126.59432377177853,126.26658286797814,,1.5314763709643886
16265,208,319,40.67523804691198,40.77916211855612,100.94961811408287,100.40598499940614,18.553459119496853,19.18238993710692,,1088.5069339709871,,300.1336801824519,,3.6267403688559097,28.800255755499766,28.878011427110884,139.45531814489075,139.0516519050969,,0.8665477329494514
16265,209,300,62.32665656458773,62.40590231937442,92.92128893093064,92.94262058976915,31.438127090301005,31.77257525083612,,2340.1634719680715,,1129.0003695544117,,2.072774761705061,44.14523694267838,44.20149412914221,123.61696931406681,123.65811096371172,,1.4928169919578944
16265,210,295,70.52770825571125,70.76568073555055,110.90469519218833,110.61909529832248,34.01360544217687,34.35374149659864,,4601.0036730048305,,1391.3819769963904,,3.3067868846031248,49.955141122196345,50.12391956112178,148.5407255600613,148.0170423840806,,1.392448226694269
16265,211,290,75.02922359936167,75.11990415329349,83.17836974051794,83.1895714969365,41.86851211072664,41.86851211072664,,3138.493220149622,,1718.8140531087322,,1.825964370301248,53.145420635802154,53.209638061687905,105.08124487204002,104.96757790824802,,1.6589246980179804
16265,212,317,50.541058049411234,50.869269108987005,125.32602019326993,125.24076968704038,22.151898734177212,22.78481012658228,,1548.0349001618922,,594.7378900894596,,2.60288595355685,35.794259899818606,36.02629264864571,173.55638310011216,173.2212357711686,,0.5483777039477361
16265,213,298,57.35082173319073,57.35993516525417,57.19756286963296,57.31974202273442,37.71043771043771,37.71043771043771,,1649.8372854933205,,854.7128814012646,,1.9302824625603912,40.62156069081877,40.627997405191,69.98318649788224,70.2099253913146,,1.992998185154215
16265,214,279,80.53008833363701,81.11497388996483,92.10409505225337,92.36815951782118,50.35971223021583,51.07913669064749,,2994.3755096470218,,1680.1699044549277,,1.7821861358827529,57.04250782408077,57.45679520318888,116.6189436482868,116.82134345133204,,1.8380709560330815
16265,215,277,82.06089871377758,81.56541156419406,197.8322330522198,197.84435558844777,48.188405797101446,49.275362318840585,,2359.196731404812,,1166.7754419210326,,2.021980105718134,58.129698549550255,57.78056193701419,273.9253739501629,274.27495956417226,,1.0492319798961267
16265,216,282,56.01000043264865,55.792472610559216,58.39582412837347,58.299338001283516,39.14590747330961,39.50177935943061,,770.1342520297375,,897.7150070672095,,0.8578827868164173,39.67566740045587,39.521826981905974,72.4369359444421,72.47156265565962,,1.7298015946839755
16265,217,295,66.28969488108783,66.75552667230578,163.63827418731123,163.9630828860914,41.83673469387755,44.21768707482993,,2463.306889478271,,1256.939690965748,,1.9597653787077338,46.95378026414032,47.284008456364276,226.99645904972235,227.36967044690076,,0.9261164539269052
16265,218,273,52.240590565378234,52.22262873534346,41.12129042646813,41.11054150130999,38.970588235294116,40.44117647058824,,449.2533012622904,,611.7215151087456,,0.7344082072745581,37.007566099102455,36.99429607087311,44.52417546903856,44.60284523964101,,2.0302725178733665
16265,219,270,61.09004415143102,61.61556306600061,56.788129046670484,57.00363315592825,37.54646840148699,37.54646840148699,,827.7289944783104,,946.7330458801666,,0.8743003089205368,43.27721213533496,43.64961823563802,67.74585871736859,67.83399963522997,,1.8921782169751025
16265,220,275,53.85428211478211,54.0687393179143,48.332130612629086,48.39612665560506,35.03649635036496,37.22627737226277,,847.5455452356581,,804.3573086188721,,1.0536928503713638,38.14987454961225,38.302417669260684,56.7666646830952,56.82124372467082,,2.23470767059096
16265,221,277,61.60369825873346,61.91090372462673,55.81136609976839,55.97603100819877,43.84057971014493,44.927536231884055,,1080.9366357803437,,959.7267759005631,,1.1262962156766367,43.63929589579884,43.85667675000103,65.78790439199275,65.91102083530056,,2.043350255117463
16265,222,286,49.99014774095272,50.0743109759716,48.64504826302129,48.661836195853354,30.175438596491226,31.2280701754386,,816.4438264546617,,635.0009639006969,,1.2857363576889613,35.40965108515629,35.46988126540648,58.96474546377256,59.006242251944556,,1.8995209464234195
16265,223,286,53.44772652735551,53.42679604104356,50.55660722116535,50.6159813065733,30.87719298245614,31.57894736842105,,646.0343667912832,,754.7540450792038,,0.8559535003532024,37.85972383003415,37.84513203587116,60.795728478618514,60.90509296337801,,1.7902006224587639
16265,224,298,59.79109474262773,59.70648930279577,131.14947606864928,131.33653169352598,34.00673400673401,34.34343434343434,,943.4690306973472,,894.0468770137846,,1.0552791525301648,42.338961416096495,42.27772410037761,179.23141456655384,179.53217670841096,,1.1491382904203153
16265,225,287,52.55017322385002,52.72477363048574,93.04198507270698,88.85287292272828,28.321678321678323,29.37062937062937,,599.3238042915066,,491.0968153525167,,1.2203781119234156,37.206795546430975,37.33190014545833,123.28459463091899,117.09158272373465,,1.2356415177233435
16265,226,292,42.25565641211515,42.31377048212311,41.71231387673551,41.80041961494861,20.962199312714777,21.305841924398624,,412.05754321474063,,528.9474951347613,,0.7790140741847349,29.93058179976844,29.972049183389533,50.9190264617454,51.03773505665819,,1.6752642637561002
16265,227,292,43.29032181124873,43.067869454041315,53.53994271113672,53.373626206250506,26.804123711340207,27.147766323024054,,1271.6848729342673,,421.00483582881617,,3.020594455716286,30.662615521513914,30.50603559709278,69.19341103558719,69.1588647546779,,1.8431239861504458
16265,228,296,39.09955869234896,39.27922024247863,41.2482471009161,41.28938574066539,21.694915254237287,22.033898305084744,,540.8922621403633,,395.5498410771274,,1.3674440132941323,27.694536490356217,27.82189947020602,51.38869833416354,51.33450052600916,,1.7377928870158823
16265,229,292,42.790824805091106,42.70637520041499,61.88600037154601,61.969431589093126,24.742268041237114,25.085910652920962,,1806.7228031674508,,411.70028956238025,,4.38844190536742,30.30978205280292,30.249712034215545,82.24350155567147,82.36203311156115,,1.6001999714491644
16265,230,293,44.23435787519689,44.324948177384655,45.28035661486871,45.3366512599359,24.315068493150687,25.684931506849317,,495.5918103777724,,448.6560912459321,,1.104614024076879,31.331830467414193,31.396425928526266,55.927334964787875,55.999415973796786,,1.7122068375261013
16265,231,297,39.427663964597706,39.62125777655992,43.64168333540196,43.4769140144711,21.283783783783782,20.60810810810811,,686.3849361885304,,497.2088786927517,,1.3804760244691434,27.925374161097608,28.063120039118772,54.90699855385667,54.66969588871434,,1.7165360479904672
16265,232,298,45.15557917930539,45.220182052540046,48.796247934481656,48.88526405542924,28.95622895622896,29.292929292929294,,679.244071353033,,580.1246928280345,,1.170858747697506,31.983510904579386,32.02959579625191,61.18758639200303,61.270936945299205,,1.8950517318218223
16265,233,295,86.16548492529195,86.51208757698734,162.99899318144796,163.20485802565526,43.53741496598639,43.87755102040816,,9989.115138066212,,2096.1539488600324,,4.765449190169773,61.03124438769748,61.277667593512895,222.61680129567006,222.91065105199468,,1.1044888971570948
16265,234,290,78.51868799328508,78.9085265073145,98.63242751847976,98.81407517801902,42.56055363321799,43.25259515570934,,3363.0570565499033,,1353.9099059155383,,2.4839592663115524,55.614819681853554,55.89153535511016,127.77445667855085,127.93873751718549,,1.808415844055731
16265,235,332,45.33113417763575,36.47763947705747,85.81937613900195,78.37896797074644,11.48036253776435,12.990936555891238,,830.0035698303452,,176.46047338824275,,4.703623162135566,32.07028235082925,25.82973846460427,111.78300079292084,107.6257951441854,,1.1763212729954255
16265,236,315,55.85160580519693,55.94748793065511,65.647866209118,65.64552920007576,27.70700636942675,28.343949044585987,,2177.304637482479,,848.5543052656127,,2.565898993112696,39.554815133406485,39.62320277003597,83.96448288215467,83.96150623570539,,1.5380411936357545
16265,237,322,86.09555170033856,86.51618345720065,179.692618269625,179.72983966163633,35.51401869158878,36.13707165109034,,5745.155685839469,,2433.0407841898727,,2.361306774293316,60.972822775045245,61.27032897876544,246.14519246428372,246.22816708585086,,0.9029848315608873
16265,238,314,76.6687357918684,77.10731782093359,133.88031877282233,133.66790823215874,36.74121405750799,37.69968051118211,,1925.4835791920946,,1772.8196999018112,,1.0861135959278536,54.299781749779825,54.61066751270787,181.04105240582425,180.75851851297452,,1.2286654169163076
16265,239,286,68.1910717944664,68.17624219623724,86.97674721026807,87.11898767400375,44.21052631578947,44.56140350877193,,3665.525923834766,,1318.4172217271364,,2.780247302165016,48.303088609131876,48.29228434252577,113.27368441054442,113.48703372311651,,1.8224584561168615
16265,240,286,64.06183140429883,64.14025125446513,69.5663325087653,69.50981037646255,42.10526315789473,43.50877192982456,,2195.859099598334,,1303.1855742309335,,1.6849934061725675,45.377534198465405,45.43382023451116,87.31016862884097,87.31030713920748,,2.0435486186192295
16265,241,292,53.44415326540419,53.56478513815351,59.57536344652315,59.71519877755789,37.80068728522337,38.83161512027492,,990.8575444217047,,746.2359564445887,,1.3278072918686545,37.85582353533988,37.94124911545477,75.4117525423239,75.57189127253001,,2.005333569526114
16265,242,291,57.91180020435803,58.1395529089857,67.27469965001086,67.42274123082912,41.03448275862069,43.103448275862064,,2180.513216723889,,882.0856981117896,,2.4719970195543803,41.020572960010604,41.181920741080596,86.01522672797205,86.11223709747392,,1.707499125610315
16265,243,292,54.62418094292643,54.78484562673174,46.95494439851085,47.08518373955498,41.580756013745706,42.955326460481096,,714.9630525074614,,890.5527923439834,,0.802830622343724,38.690750548034245,38.80427821920658,53.8014102298254,53.8971785763359,,1.86606419494857
16265,244,299,52.270880172521174,52.62663099194447,47.02038248484265,47.24001778205434,38.59060402684564,39.59731543624161,,276.1435702268891,,824.0492798233042,,0.3351056508247915,37.023097963690034,37.27521459953817,55.337048571029584,55.52981276359669,,1.9670469993646293
16265,245,298,59.53793488828601,59.634472163927725,59.90153228894076,60.07513722849173,42.42424242424242,41.75084175084175,,1695.347989672427,,1057.0843721525669,,1.6037962856457222,42.170233833716644,42.23934919299025,73.50118115087025,73.61703717943513,,1.9745952970541718
16265,246,301,52.91971673460501,53.36765896506396,55.24029462286351,55.45759777074438,35.333333333333336,36.333333333333336,,1707.9317518240127,,879.1346435589934,,1.9427419500951606,37.48240885798571,37.79977825716696,68.684733715109,68.81355814359512,,2.038380054882062
16265,247,290,71.26866920620783,71.28386134945896,110.03929967064947,110.18999878560743,43.59861591695502,43.944636678200695,,2236.5027656253133,,1628.829368972004,,1.3730736983437544,50.480797381407406,50.49158173184884,147.35436007996103,147.55955870191895,,1.3828039561801222
16265,248,289,59.9842248594399,59.937249416333906,62.51445340616649,62.643229610452515,42.36111111111111,43.40277777777778,,1182.2358835622779,,884.5847609194321,,1.336486830649749,42.489064694867,42.455606191793365,77.68105298173312,77.85417760744446,,1.7945105025999448
16265,249,290,63.40246477865549,63.535641790870244,76.88821624830635,77.01294847613167,41.522491349480966,41.86851211072664,,2740.6458414193853,,982.02135499894,,2.790821021832406,44.91006288972568,45.0046799304331,99.2331453495212,99.37738034558733,,1.8476399276225117
16265,250,302,80.40687483778612,80.05498110673689,166.67097277374262,166.8705290523875,40.19933554817276,40.863787375415285,,7589.5075688360985,,1284.4703137413157,,5.908667166257747,56.95016844540491,56.70151069853517,228.96378554236767,229.30601694927583,,1.09861228866811
16265,251,296,67.66740804669908,67.82410223170974,125.701977034821,125.72789566067513,34.57627118644068,35.25423728813559,,4035.611567465728,,1086.197812442489,,3.7153560072000253,47.92806316687085,48.039469930644444,171.33339371082664,171.36121353968278,,1.2807973360085727
16265,252,306,74.67269770663763,74.57952308212955,170.88618544739427,171.08394520574205,38.0327868852459,40.0,,4091.954422197191,,1031.0666981394616,,3.968661221995665,52.88829451980261,52.82237105096891,236.0600333066023,236.16395855523635,,0.9993006335968281
16265,253,285,68.49325107550177,68.40866599370922,105.27928565549655,104.75209374841751,47.53521126760563,48.59154929577465,,2494.9117729373684,,1143.1738588052706,,2.1824429886323653,48.513274312619025,48.45355183794944,140.50615944052547,139.72008993363417,,1.5085119938441398
16265,254,308,58.65691153275878,58.87574153398385,93.77828034011455,93.86027582801013,30.293159609120522,30.944625407166125,,1878.849393542408,,1077.148086373329,,1.744281419900529,41.54365069882182,41.698144329745716,126.06640107868044,126.00533579187487,,1.3871110210264466
16265,255,316,61.82829777098781,62.04662311109643,107.85975586796641,107.99249122955459,23.174603174603174,23.49206349206349,,2096.4852147063375,,747.3742115662723,,2.8051345393798552,43.78775168886429,43.94198387333839,146.2435081055859,146.36027845164497,,1.1674308530254582
16265,256,323,50.82695476656448,51.0583320431449,79.8244163857458,79.76841540827644,18.32298136645963,19.565217391304348,,1763.5319631643551,,510.51786299689326,,3.454398153302399,35.995985380591364,36.15995315038456,106.93390313866527,106.73738042533321,,1.3457299894779717
16265,257,332,94.4085630381295,94.63576106698393,186.10909362276277,186.32957937127725,30.211480362537763,31.1178247734139,,6171.328032842437,,2490.2656046385,,2.4781806492236798,66.85797205655683,67.01920749564549,254.8832159148991,255.12105028661597,,0.6600024489004354
16265,258,298,97.91973083804297,98.33258512465386,128.96430978319933,129.12731014724278,43.77104377104377,44.107744107744104,,4278.742332846085,,3116.9633547724316,,1.3727278270034313,69.35384069314955,69.64634700355126,168.66833194672836,168.76689369298606,,1.352090283349026
16265,259,326,60.48742816772882,60.68294449914588,137.2870623059154,137.45847422677195,20.923076923076923,22.153846153846153,,1689.5528479535128,,471.949121269232,,3.5799470150717294,42.83437234806938,42.97280361699937,189.44052213358404,189.64635492959124,,0.891315761445363
16265,260,290,62.18325066770747,62.592154282927325,86.91606912556097,86.70784222827322,43.59861591695502,43.59861591695502,,1944.8627451078673,,1233.9238668621776,,1.5761610560735653,44.041936398873894,44.33162170422857,114.47271651713523,114.01081752100532,,1.642227735257091
16265,261,296,55.98121693830947,56.27483578702956,60.66652792671629,60.84946315225151,34.91525423728813,36.271186440677965,,1376.2944372070938,,1002.5068466675899,,1.3728529054759104,39.65195744582567,39.86015464942286,76.23711637072232,76.40986190508954,,1.735907391302162
16265,262,300,55.95498748060667,56.35458212225956,54.51617533880773,54.71716769592071,37.79264214046823,38.12709030100335,,1246.6172302353002,,1024.8101330841687,,1.2164372599279463,39.63232609319198,39.91573163188399,66.25088165375519,66.43574132972306,,2.0428423892315064
16265,263,307,57.91322538355104,57.90665184474796,65.29175169413416,65.35003952006272,39.869281045751634,39.869281045751634,,1877.444632012776,,1093.5331427125366,,1.7168612076591727,41.01758910953674,41.013371417504786,82.8428335871486,82.95048992694335,,1.7782457500613322
16265,264,310,56.23848093129425,56.23235654032225,66.14713890052768,66.23993886072955,38.51132686084142,38.51132686084142,,2357.035475513502,,1197.6231985197492,,1.9680943709396874,39.83109900176159,39.82697040180521,84.78324463445355,84.89009076225521,,1.6892952461150772
16265,265,315,65.96350980878587,65.80482323039388,121.80867020991384,121.88506900100447,39.171974522293,40.12738853503185,,1270.40909343175,,1168.193280380568,,1.0874990592463285,46.71450189036452,46.60183269133172,165.761387331895,165.87648104302738,,1.2083807457448017
